fname,label
00044347.wav,Hi-hat
001ca53d.wav,Saxophone
00353774.wav,Cello
003b91e8.wav,Cello
004ad66f.wav,Clarinet
006f2f32.wav,Hi-hat
00780200.wav,Snare_drum
0091fc7f.wav,Cello
00cb787c.wav,Flute
00ce569f.wav,Hi-hat
00d40fa2.wav,Snare_drum
00d9fa61.wav,Flute
011a2185.wav,Cello
013c3135.wav,Clarinet
015cf474.wav,Clarinet
0184c390.wav,Cello
018863f5.wav,Double_bass
018a10bb.wav,Double_bass
018d1dc4.wav,Hi-hat
01c2f88b.wav,Bass_drum
0231b9f3.wav,Double_bass
024c4c6d.wav,Bass_drum
025f3fd2.wav,Hi-hat
027aa77c.wav,Clarinet
0286fc27.wav,Double_bass
029632ad.wav,Cello
02ac1057.wav,Flute
02d367e4.wav,Clarinet
02d7fba3.wav,Double_bass
02dbfc78.wav,Cello
02f8e94d.wav,Clarinet
0313ea1a.wav,Flute
0338f669.wav,Cello
0356dec7.wav,Acoustic_guitar
03d42e2e.wav,Double_bass
03fc1f96.wav,Bass_drum
04076350.wav,Clarinet
04186a03.wav,Violin_or_fiddle
0446a487.wav,Snare_drum
0482a372.wav,Cello
04b4009f.wav,Snare_drum
04b9a79a.wav,Clarinet
04e82f46.wav,Bass_drum
0508f1e3.wav,Double_bass
0513cbfc.wav,Bass_drum
0526ac41.wav,Double_bass
05561612.wav,Cello
0556be76.wav,Violin_or_fiddle
05b76c07.wav,Saxophone
05d81cdf.wav,Acoustic_guitar
05e4028a.wav,Saxophone
05ecefbe.wav,Violin_or_fiddle
05ef46ec.wav,Double_bass
05f2c2a6.wav,Clarinet
0627acfa.wav,Cello
064cfad3.wav,Clarinet
06789937.wav,Saxophone
06b89bf9.wav,Violin_or_fiddle
06c48eab.wav,Hi-hat
06d164df.wav,Clarinet
06f60188.wav,Saxophone
070bcdd9.wav,Violin_or_fiddle
070f52cb.wav,Cello
071803a0.wav,Cello
071efb95.wav,Bass_drum
0720ef3b.wav,Saxophone
072f3031.wav,Double_bass
0730a3d8.wav,Acoustic_guitar
078f7ac0.wav,Hi-hat
079968f4.wav,Clarinet
07db7f16.wav,Flute
07f16007.wav,Cello
07f6b1dc.wav,Cello
07f88679.wav,Hi-hat
082321d2.wav,Cello
0879e568.wav,Saxophone
08894340.wav,Double_bass
08b88eb7.wav,Violin_or_fiddle
08e79547.wav,Bass_drum
08fa5140.wav,Clarinet
0906c4a9.wav,Double_bass
095836cb.wav,Flute
0969b5c5.wav,Acoustic_guitar
09a1cfd7.wav,Hi-hat
09a63606.wav,Acoustic_guitar
09a7c5ce.wav,Snare_drum
09b8a126.wav,Violin_or_fiddle
0a0a8d4c.wav,Clarinet
0a15b36b.wav,Clarinet
0a2b4c80.wav,Snare_drum
0a98104d.wav,Cello
0ad0bf22.wav,Saxophone
0ad666e3.wav,Saxophone
0b1f22c3.wav,Saxophone
0b3636e4.wav,Cello
0b436682.wav,Acoustic_guitar
0b5dd555.wav,Double_bass
0b6ac630.wav,Hi-hat
0b7aa40a.wav,Cello
0b82b3a5.wav,Clarinet
0bab86ae.wav,Violin_or_fiddle
0be246ba.wav,Double_bass
0c3044b3.wav,Saxophone
0c364094.wav,Cello
0c36c39a.wav,Saxophone
0c3cba8b.wav,Clarinet
0c547bc4.wav,Violin_or_fiddle
0c67f402.wav,Snare_drum
0ce9b7a0.wav,Double_bass
0cea4550.wav,Clarinet
0d0c7375.wav,Bass_drum
0d8012f4.wav,Saxophone
0da0c554.wav,Double_bass
0da527a6.wav,Violin_or_fiddle
0ddb4bdf.wav,Bass_drum
0e2fbeb8.wav,Double_bass
0e630318.wav,Snare_drum
0e7622f0.wav,Saxophone
0e7cd4eb.wav,Violin_or_fiddle
0ea3dbaf.wav,Saxophone
0eb63f5a.wav,Acoustic_guitar
0ed06544.wav,Hi-hat
0eeaebcb.wav,Acoustic_guitar
0ef9a602.wav,Hi-hat
0f5c62dd.wav,Clarinet
0f72651c.wav,Hi-hat
0f958ff0.wav,Saxophone
0fa61324.wav,Flute
10086933.wav,Double_bass
10099e50.wav,Bass_drum
102db6b4.wav,Flute
1032e684.wav,Clarinet
10357e1e.wav,Flute
103f29e5.wav,Double_bass
10783ffe.wav,Flute
10884a97.wav,Double_bass
108e95b3.wav,Clarinet
10cf0a2c.wav,Cello
10da16fb.wav,Acoustic_guitar
1148986e.wav,Violin_or_fiddle
1163de55.wav,Hi-hat
1176bda6.wav,Cello
11798f57.wav,Cello
117cc2f0.wav,Flute
1181e997.wav,Double_bass
118831d9.wav,Cello
11f7fc13.wav,Clarinet
11f8b3dd.wav,Snare_drum
12091a74.wav,Hi-hat
121749b9.wav,Bass_drum
1220471f.wav,Flute
123d0d60.wav,Snare_drum
124360b8.wav,Snare_drum
125e6ccf.wav,Cello
1264b8c7.wav,Saxophone
129dc328.wav,Double_bass
12e4c120.wav,Saxophone
1314cdad.wav,Bass_drum
131b1516.wav,Saxophone
1374fcda.wav,Flute
13847ff3.wav,Hi-hat
139c42cb.wav,Flute
13da16ae.wav,Double_bass
141291fc.wav,Hi-hat
142cb2c4.wav,Violin_or_fiddle
14303ca5.wav,Acoustic_guitar
1430f062.wav,Snare_drum
1441c25b.wav,Clarinet
147f4395.wav,Cello
149ca673.wav,Acoustic_guitar
14a12f6c.wav,Clarinet
14ac7cbd.wav,Violin_or_fiddle
14e15b48.wav,Acoustic_guitar
14fd19da.wav,Cello
1549bbaf.wav,Clarinet
154df401.wav,Cello
1551f28a.wav,Violin_or_fiddle
155382a4.wav,Double_bass
15914050.wav,Violin_or_fiddle
15ba13c4.wav,Acoustic_guitar
15cb6baf.wav,Bass_drum
15cc274e.wav,Clarinet
15dcc731.wav,Saxophone
15e43efb.wav,Violin_or_fiddle
160507aa.wav,Hi-hat
160c92d7.wav,Acoustic_guitar
161be325.wav,Cello
162276f0.wav,Clarinet
16c14c67.wav,Flute
16c9a838.wav,Acoustic_guitar
16d21bca.wav,Clarinet
16d5da39.wav,Snare_drum
16e47626.wav,Double_bass
1704b6b1.wav,Violin_or_fiddle
17c7a30d.wav,Violin_or_fiddle
17d87e42.wav,Violin_or_fiddle
17f32070.wav,Snare_drum
17f82c05.wav,Acoustic_guitar
180911ae.wav,Flute
18267e3e.wav,Flute
18492a23.wav,Violin_or_fiddle
18674495.wav,Violin_or_fiddle
18865530.wav,Flute
188acf6a.wav,Cello
189c2ac2.wav,Double_bass
18a31494.wav,Snare_drum
18c287ea.wav,Flute
18c3695b.wav,Cello
18ea8f49.wav,Snare_drum
18feebe1.wav,Acoustic_guitar
19105b8a.wav,Clarinet
192fa8cc.wav,Flute
19341f36.wav,Hi-hat
19389aaf.wav,Flute
1947f717.wav,Violin_or_fiddle
195f544d.wav,Cello
197cbdfe.wav,Hi-hat
19893aa8.wav,Double_bass
199b1adf.wav,Cello
19a1f537.wav,Double_bass
1a16ebfd.wav,Saxophone
1a2deaa1.wav,Violin_or_fiddle
1a4a4ebe.wav,Saxophone
1a5f1f24.wav,Snare_drum
1a6cd0d1.wav,Violin_or_fiddle
1a7d3f2d.wav,Double_bass
1a94ef89.wav,Acoustic_guitar
1ab80336.wav,Violin_or_fiddle
1ac389e0.wav,Acoustic_guitar
1ae3d076.wav,Bass_drum
1aecb8bf.wav,Cello
1b052de5.wav,Double_bass
1b1e809b.wav,Cello
1b24c166.wav,Violin_or_fiddle
1b2d8997.wav,Clarinet
1b738acd.wav,Saxophone
1b7b6f2d.wav,Bass_drum
1b9109be.wav,Clarinet
1b9386ef.wav,Clarinet
1b93aeba.wav,Flute
1bc8eae1.wav,Snare_drum
1bf859a7.wav,Saxophone
1c2b5b18.wav,Cello
1c6b07b8.wav,Cello
1c720526.wav,Saxophone
1c76a229.wav,Clarinet
1c9a423f.wav,Snare_drum
1cc13604.wav,Hi-hat
1ce38807.wav,Flute
1ce70b78.wav,Acoustic_guitar
1ced478c.wav,Flute
1d23c74b.wav,Double_bass
1d23fb6d.wav,Flute
1d24518b.wav,Double_bass
1d5a6f5f.wav,Cello
1df3177c.wav,Saxophone
1dfc889a.wav,Flute
1e0b5758.wav,Clarinet
1e0c7af2.wav,Snare_drum
1e10d3fc.wav,Hi-hat
1e2f6175.wav,Acoustic_guitar
1e3391d5.wav,Snare_drum
1e55de2b.wav,Double_bass
1e87e47d.wav,Bass_drum
1e93f880.wav,Violin_or_fiddle
1e9c1292.wav,Clarinet
1ebdc0b5.wav,Acoustic_guitar
1efe03bd.wav,Flute
1f4a7bfe.wav,Flute
1f4c37a7.wav,Bass_drum
1f51ed51.wav,Snare_drum
1f641b71.wav,Acoustic_guitar
1f743685.wav,Saxophone
1f81cc2b.wav,Clarinet
1fbe6ff3.wav,Cello
1ff2689f.wav,Acoustic_guitar
2013a12f.wav,Snare_drum
2016d256.wav,Acoustic_guitar
202b6258.wav,Cello
202cbd7d.wav,Saxophone
2032be87.wav,Hi-hat
206161e8.wav,Double_bass
206a5cb4.wav,Snare_drum
208a14b6.wav,Violin_or_fiddle
20b1a46c.wav,Cello
20b47b1d.wav,Flute
20e3ef07.wav,Snare_drum
20e6791a.wav,Cello
213274fa.wav,Flute
2133f209.wav,Hi-hat
21346775.wav,Violin_or_fiddle
2137ed0e.wav,Double_bass
213d2998.wav,Flute
214ddd6b.wav,Acoustic_guitar
21b56eda.wav,Flute
21bf162b.wav,Saxophone
21e66bd2.wav,Clarinet
21ff3084.wav,Snare_drum
220a73b7.wav,Double_bass
224b3393.wav,Flute
225b34b1.wav,Violin_or_fiddle
2287043f.wav,Violin_or_fiddle
22979cf9.wav,Hi-hat
229be2be.wav,Snare_drum
22b85cd1.wav,Acoustic_guitar
22bea889.wav,Cello
22d8346b.wav,Flute
22e1c02c.wav,Snare_drum
22e814ee.wav,Acoustic_guitar
22f85886.wav,Violin_or_fiddle
23219d68.wav,Clarinet
2336285e.wav,Flute
23663788.wav,Acoustic_guitar
236cbab1.wav,Acoustic_guitar
23704fa9.wav,Acoustic_guitar
238b16a5.wav,Cello
238fb6b8.wav,Cello
2392ad36.wav,Bass_drum
23f38a7e.wav,Snare_drum
2424ad60.wav,Violin_or_fiddle
245e58ea.wav,Bass_drum
246ad992.wav,Cello
24791b50.wav,Cello
247ac56f.wav,Saxophone
249912b5.wav,Violin_or_fiddle
24ba0ef2.wav,Clarinet
24cb1e29.wav,Cello
24eacf14.wav,Acoustic_guitar
24ed5a72.wav,Flute
2503aaa1.wav,Hi-hat
252227f9.wav,Double_bass
253b91fe.wav,Flute
255db1a8.wav,Violin_or_fiddle
258777c8.wav,Flute
25a3f8ba.wav,Snare_drum
25a82ad1.wav,Saxophone
25ad6ed7.wav,Acoustic_guitar
25cc1f6a.wav,Cello
25eef09a.wav,Saxophone
25f26095.wav,Saxophone
260da1b4.wav,Acoustic_guitar
2620d32b.wav,Violin_or_fiddle
264301a3.wav,Saxophone
2648b632.wav,Double_bass
2655d941.wav,Violin_or_fiddle
2658f202.wav,Flute
2659c14c.wav,Saxophone
267bda40.wav,Acoustic_guitar
26928361.wav,Cello
26c723f2.wav,Acoustic_guitar
26fce215.wav,Violin_or_fiddle
27048e94.wav,Flute
271f6198.wav,Saxophone
273695bd.wav,Flute
275b9330.wav,Clarinet
276ee568.wav,Hi-hat
2777b9fa.wav,Flute
27869ba5.wav,Snare_drum
279ca8cf.wav,Flute
27a4d0ed.wav,Cello
27c53672.wav,Hi-hat
27ce7acc.wav,Flute
27e6d2ac.wav,Violin_or_fiddle
27fbb25c.wav,Snare_drum
27ff9eea.wav,Clarinet
280b5439.wav,Double_bass
284a6757.wav,Violin_or_fiddle
286580a3.wav,Double_bass
287259da.wav,Clarinet
28877d48.wav,Acoustic_guitar
288d0dff.wav,Hi-hat
289250ae.wav,Hi-hat
289cc6a8.wav,Saxophone
28e0f162.wav,Double_bass
28f5dfd6.wav,Double_bass
290976f9.wav,Flute
291277ae.wav,Violin_or_fiddle
29170890.wav,Violin_or_fiddle
2933a5dc.wav,Hi-hat
2939852d.wav,Clarinet
29441746.wav,Saxophone
2979f92a.wav,Clarinet
29ea2c57.wav,Cello
29ff7d7b.wav,Double_bass
2a3087ed.wav,Flute
2a4aa95d.wav,Hi-hat
2a4d4883.wav,Flute
2a55208f.wav,Cello
2aac13ec.wav,Cello
2ac8b94f.wav,Double_bass
2ae249e8.wav,Cello
2af48f93.wav,Flute
2af5172d.wav,Double_bass
2af5749f.wav,Cello
2b1ed909.wav,Flute
2b315768.wav,Cello
2b74a334.wav,Bass_drum
2bc84744.wav,Saxophone
2bd764ef.wav,Acoustic_guitar
2c4735d7.wav,Snare_drum
2c5448df.wav,Clarinet
2c8e1436.wav,Flute
2c98dea1.wav,Violin_or_fiddle
2cc8683d.wav,Violin_or_fiddle
2cdffbef.wav,Acoustic_guitar
2cea0b5c.wav,Acoustic_guitar
2d1d4fab.wav,Snare_drum
2d3e9e2a.wav,Hi-hat
2d6570ce.wav,Saxophone
2d871232.wav,Cello
2da9e12a.wav,Cello
2de7d3df.wav,Double_bass
2e0af9de.wav,Cello
2e1cd085.wav,Clarinet
2e270b74.wav,Saxophone
2e2f1a7e.wav,Double_bass
2e8579ad.wav,Violin_or_fiddle
2e8d6e34.wav,Violin_or_fiddle
2e992414.wav,Acoustic_guitar
2ea318e7.wav,Violin_or_fiddle
2ea5702d.wav,Saxophone
2eb83a0b.wav,Cello
2ee0f61c.wav,Acoustic_guitar
2f2429ad.wav,Acoustic_guitar
2f2d2e7f.wav,Violin_or_fiddle
2f3515c2.wav,Clarinet
2f4d09b2.wav,Saxophone
2f50de25.wav,Bass_drum
2f5fe8ea.wav,Hi-hat
2f6c4dec.wav,Cello
2f84b9ec.wav,Clarinet
2f9c5f62.wav,Saxophone
2fc00271.wav,Clarinet
2fe59aa8.wav,Violin_or_fiddle
30114da8.wav,Hi-hat
306f9e3f.wav,Saxophone
3071420d.wav,Acoustic_guitar
3078e97f.wav,Clarinet
30c4e08b.wav,Cello
30e5f399.wav,Cello
31553d36.wav,Saxophone
315dc79f.wav,Violin_or_fiddle
317206d4.wav,Flute
31886d2a.wav,Cello
318a5116.wav,Acoustic_guitar
319c6220.wav,Acoustic_guitar
31a32dc6.wav,Double_bass
31b0b176.wav,Saxophone
31db8c5e.wav,Snare_drum
31dbc5c0.wav,Cello
3203fedb.wav,Snare_drum
320f812b.wav,Flute
3217ac10.wav,Cello
3219fa26.wav,Saxophone
3251bac1.wav,Saxophone
325ae37c.wav,Bass_drum
327111f1.wav,Saxophone
3272e576.wav,Saxophone
327a2509.wav,Cello
3289db4d.wav,Acoustic_guitar
32bd34b5.wav,Violin_or_fiddle
32c5c6bd.wav,Acoustic_guitar
32dee61b.wav,Acoustic_guitar
3300aae9.wav,Double_bass
33298bf9.wav,Hi-hat
332d14da.wav,Saxophone
336a39a7.wav,Flute
33ae49c1.wav,Double_bass
33c062e8.wav,Bass_drum
33d24d85.wav,Snare_drum
33d7ebe0.wav,Clarinet
33f7555a.wav,Clarinet
34262b83.wav,Acoustic_guitar
34337cf1.wav,Snare_drum
3444f2be.wav,Saxophone
34672f76.wav,Snare_drum
34747922.wav,Acoustic_guitar
34783839.wav,Flute
34a90030.wav,Hi-hat
34c01286.wav,Saxophone
34d0a285.wav,Acoustic_guitar
34dacafb.wav,Cello
34dd9426.wav,Acoustic_guitar
34e04b95.wav,Double_bass
34e4d187.wav,Cello
35039ae1.wav,Acoustic_guitar
3505e582.wav,Clarinet
3518605b.wav,Clarinet
3564bae2.wav,Double_bass
35717b0f.wav,Cello
3586bc2d.wav,Violin_or_fiddle
3592e056.wav,Violin_or_fiddle
35ad5cd8.wav,Bass_drum
35d75ab7.wav,Acoustic_guitar
35e97db3.wav,Flute
36177faa.wav,Bass_drum
3618cb03.wav,Acoustic_guitar
3649d60c.wav,Clarinet
3662e614.wav,Saxophone
367ad7b1.wav,Acoustic_guitar
368b7628.wav,Snare_drum
368d4b71.wav,Snare_drum
369164fe.wav,Hi-hat
36b9767a.wav,Cello
36bdf504.wav,Acoustic_guitar
36d20ab5.wav,Saxophone
36defe49.wav,Clarinet
36e38450.wav,Bass_drum
36f96922.wav,Bass_drum
3707da71.wav,Flute
37319862.wav,Cello
373f60bf.wav,Double_bass
376dab91.wav,Snare_drum
37cebbd4.wav,Saxophone
37d0eec4.wav,Cello
37d26e27.wav,Saxophone
37ddee5e.wav,Bass_drum
37e13c23.wav,Bass_drum
37eb63b4.wav,Snare_drum
38042954.wav,Clarinet
38216fad.wav,Acoustic_guitar
3846f2fa.wav,Double_bass
385c2814.wav,Double_bass
385e9493.wav,Double_bass
38e16501.wav,Snare_drum
38f3f2c6.wav,Acoustic_guitar
39000328.wav,Violin_or_fiddle
392c6f03.wav,Bass_drum
3953b6e1.wav,Cello
39618d1a.wav,Clarinet
396a1d62.wav,Saxophone
39977cdf.wav,Clarinet
39a63f30.wav,Violin_or_fiddle
39f86ded.wav,Cello
39fca828.wav,Cello
39ff9b6b.wav,Hi-hat
3a0471fd.wav,Acoustic_guitar
3a151637.wav,Flute
3a151889.wav,Double_bass
3a3d0279.wav,Hi-hat
3a460182.wav,Double_bass
3a49f221.wav,Snare_drum
3a6d46a7.wav,Cello
3a77d7c4.wav,Saxophone
3a80061f.wav,Saxophone
3a9085ca.wav,Bass_drum
3aafb6ad.wav,Hi-hat
3ac277ba.wav,Snare_drum
3ac4653e.wav,Hi-hat
3ad40d01.wav,Hi-hat
3ae76b24.wav,Double_bass
3af3565c.wav,Acoustic_guitar
3b0b9d26.wav,Clarinet
3b0d3e23.wav,Cello
3b3fbb8b.wav,Clarinet
3b60c423.wav,Clarinet
3b6b430a.wav,Saxophone
3b842547.wav,Clarinet
3bbe245d.wav,Double_bass
3bd52441.wav,Flute
3bf2a899.wav,Flute
3bfb1c63.wav,Double_bass
3c24b853.wav,Clarinet
3c462bc9.wav,Hi-hat
3c5bfea2.wav,Acoustic_guitar
3c66098d.wav,Clarinet
3c694bfc.wav,Snare_drum
3c713bcf.wav,Clarinet
3c82d509.wav,Double_bass
3c8323d0.wav,Clarinet
3c8dc12d.wav,Clarinet
3c966bb8.wav,Cello
3c9abefe.wav,Double_bass
3c9cc3d1.wav,Saxophone
3cbe9902.wav,Clarinet
3cc6911c.wav,Bass_drum
3d2fd74b.wav,Hi-hat
3d3439f1.wav,Hi-hat
3d94c79e.wav,Flute
3dbb6542.wav,Double_bass
3dc30df9.wav,Cello
3dc717ea.wav,Hi-hat
3df53f0c.wav,Bass_drum
3e2bddda.wav,Cello
3e33282d.wav,Acoustic_guitar
3e410f2b.wav,Hi-hat
3eaddda8.wav,Flute
3ec68757.wav,Cello
3ed07532.wav,Flute
3edc4278.wav,Violin_or_fiddle
3ef05695.wav,Violin_or_fiddle
3f2933f9.wav,Violin_or_fiddle
3f309887.wav,Saxophone
3f7b7686.wav,Snare_drum
3f7e6da8.wav,Clarinet
3f8d2bee.wav,Flute
3f9eaa47.wav,Bass_drum
3fd93883.wav,Cello
3ff0d94e.wav,Acoustic_guitar
404c1e72.wav,Acoustic_guitar
40772f25.wav,Hi-hat
40a40896.wav,Saxophone
40a5bbad.wav,Saxophone
40c2cec1.wav,Cello
41588cd6.wav,Acoustic_guitar
41897c32.wav,Hi-hat
418cb760.wav,Acoustic_guitar
41d9c342.wav,Cello
420b6ee8.wav,Double_bass
420d9b56.wav,Acoustic_guitar
423210f5.wav,Saxophone
4245ef44.wav,Hi-hat
42470db4.wav,Hi-hat
42c2f288.wav,Flute
42e248e4.wav,Cello
43433aad.wav,Flute
4345851e.wav,Saxophone
436afb11.wav,Hi-hat
43780215.wav,Clarinet
437ccea5.wav,Bass_drum
43a920c9.wav,Acoustic_guitar
43c5b733.wav,Double_bass
43fc0633.wav,Saxophone
4428ce4f.wav,Violin_or_fiddle
444f9db5.wav,Double_bass
44645349.wav,Bass_drum
44ae3104.wav,Flute
44c5094c.wav,Clarinet
44d68d6e.wav,Violin_or_fiddle
44f9acf9.wav,Bass_drum
44fb3eeb.wav,Acoustic_guitar
45175cc0.wav,Acoustic_guitar
45243c3d.wav,Clarinet
45250e90.wav,Acoustic_guitar
4546e002.wav,Acoustic_guitar
458b1992.wav,Cello
45c077da.wav,Double_bass
45ce1b24.wav,Hi-hat
45d405ca.wav,Clarinet
45da8553.wav,Hi-hat
45de3233.wav,Clarinet
45e241c1.wav,Cello
45e5a952.wav,Flute
45e63fdd.wav,Saxophone
45e6e129.wav,Acoustic_guitar
461558c3.wav,Double_bass
462b676f.wav,Double_bass
4636fd73.wav,Clarinet
46657625.wav,Flute
467953c6.wav,Double_bass
468f9c4c.wav,Hi-hat
46a95319.wav,Acoustic_guitar
46b52f97.wav,Snare_drum
46b66e03.wav,Bass_drum
46c0a7cd.wav,Bass_drum
46d7d98d.wav,Violin_or_fiddle
46e13bac.wav,Hi-hat
4715ec32.wav,Hi-hat
472e6644.wav,Flute
472e7697.wav,Saxophone
47395931.wav,Hi-hat
4792b15e.wav,Saxophone
47aa029c.wav,Cello
47cb5f8d.wav,Saxophone
47d197c5.wav,Violin_or_fiddle
48158131.wav,Cello
4823209e.wav,Violin_or_fiddle
483a1ab2.wav,Saxophone
4847fb9b.wav,Saxophone
48553cdd.wav,Violin_or_fiddle
4883c7c3.wav,Violin_or_fiddle
488b04c9.wav,Violin_or_fiddle
488b452c.wav,Snare_drum
4891b110.wav,Flute
4899ecfa.wav,Snare_drum
48a75b1f.wav,Violin_or_fiddle
48ba4a7a.wav,Clarinet
48ffd19b.wav,Cello
49223304.wav,Double_bass
493c247b.wav,Hi-hat
4957c12d.wav,Acoustic_guitar
49702d75.wav,Acoustic_guitar
497e8e00.wav,Violin_or_fiddle
49aa806c.wav,Violin_or_fiddle
49b3f727.wav,Hi-hat
49bb77a5.wav,Cello
49e3587e.wav,Acoustic_guitar
49ee90a9.wav,Double_bass
49fabd19.wav,Acoustic_guitar
4a077cd0.wav,Cello
4a0a261e.wav,Acoustic_guitar
4a0b87bc.wav,Flute
4a28e65a.wav,Cello
4a472bbb.wav,Flute
4a90ebd4.wav,Clarinet
4aa97c8e.wav,Acoustic_guitar
4ab3eb69.wav,Cello
4afa2149.wav,Saxophone
4afc5a71.wav,Double_bass
4b090c94.wav,Double_bass
4b0d5239.wav,Clarinet
4b3ee579.wav,Flute
4b4f97bb.wav,Clarinet
4ba0c404.wav,Saxophone
4ba221e4.wav,Clarinet
4ba2b70e.wav,Bass_drum
4baddba4.wav,Cello
4bb00403.wav,Saxophone
4bbc250e.wav,Flute
4bcc8a77.wav,Flute
4bd0dcc1.wav,Acoustic_guitar
4bd7faba.wav,Double_bass
4bff8f32.wav,Cello
4c0c385f.wav,Double_bass
4c1e5a37.wav,Acoustic_guitar
4c21f44b.wav,Saxophone
4c462064.wav,Clarinet
4c4d4797.wav,Snare_drum
4c789a19.wav,Double_bass
4c8cd1c8.wav,Clarinet
4cb7c775.wav,Clarinet
4cbba37a.wav,Double_bass
4cd4e0ca.wav,Clarinet
4ce14aa2.wav,Double_bass
4cee46a4.wav,Double_bass
4cf82cd1.wav,Double_bass
4cfcad44.wav,Flute
4d2c6692.wav,Clarinet
4d487056.wav,Saxophone
4d55013e.wav,Acoustic_guitar
4d68f059.wav,Cello
4da6a5e7.wav,Violin_or_fiddle
4da6ae4b.wav,Flute
4ddb034f.wav,Acoustic_guitar
4e02950c.wav,Cello
4e2fcd3b.wav,Clarinet
4e383c90.wav,Bass_drum
4e5c2133.wav,Hi-hat
4e74d920.wav,Snare_drum
4e82d86d.wav,Clarinet
4ebe9797.wav,Clarinet
4f02375d.wav,Double_bass
4f5924a7.wav,Hi-hat
4f5e27a8.wav,Saxophone
4f844b16.wav,Bass_drum
4f99f874.wav,Violin_or_fiddle
4fb480bf.wav,Double_bass
4fc6d14d.wav,Clarinet
4fd883bb.wav,Double_bass
4fe5c745.wav,Acoustic_guitar
50138e49.wav,Acoustic_guitar
50495a4e.wav,Hi-hat
508e8e56.wav,Cello
50a01a4f.wav,Flute
510193fb.wav,Saxophone
5116f9b0.wav,Cello
512661dc.wav,Bass_drum
512b0a33.wav,Double_bass
51402418.wav,Double_bass
515a7743.wav,Cello
51b14c9d.wav,Violin_or_fiddle
51c4cd41.wav,Flute
51d28a24.wav,Acoustic_guitar
51f9a488.wav,Cello
5206fbc7.wav,Acoustic_guitar
52300f9b.wav,Hi-hat
52719891.wav,Clarinet
52834f79.wav,Acoustic_guitar
52860d22.wav,Violin_or_fiddle
5287b30b.wav,Clarinet
52b0d05c.wav,Violin_or_fiddle
52ba1c68.wav,Hi-hat
52e54bdd.wav,Bass_drum
53157a1b.wav,Cello
5343fd1e.wav,Snare_drum
5388d14d.wav,Saxophone
5398dcd3.wav,Violin_or_fiddle
5399cdfb.wav,Flute
53b70883.wav,Hi-hat
53c99b1f.wav,Cello
53d1ed2b.wav,Cello
53da29c9.wav,Hi-hat
544f3b23.wav,Acoustic_guitar
54777c28.wav,Acoustic_guitar
54864b6d.wav,Flute
54ac3fe7.wav,Violin_or_fiddle
54bb57af.wav,Cello
54c20e0a.wav,Double_bass
54cfff7e.wav,Bass_drum
54f86efe.wav,Hi-hat
5506629f.wav,Clarinet
5531a5e1.wav,Bass_drum
5543631a.wav,Saxophone
557040c2.wav,Snare_drum
55822aae.wav,Acoustic_guitar
558a13e0.wav,Clarinet
55a23759.wav,Saxophone
55b2828b.wav,Acoustic_guitar
55b7d572.wav,Double_bass
55d52a69.wav,Flute
5604d72a.wav,Clarinet
560977ac.wav,Saxophone
56238daa.wav,Double_bass
562d93f5.wav,Flute
562fed68.wav,Double_bass
563f830b.wav,Bass_drum
5655bcc9.wav,Bass_drum
565f3ee2.wav,Bass_drum
5689818f.wav,Cello
56b18d22.wav,Bass_drum
56c1363d.wav,Hi-hat
56c736b2.wav,Snare_drum
56e79c6f.wav,Violin_or_fiddle
570742db.wav,Cello
57307037.wav,Hi-hat
576dc3f8.wav,Clarinet
57789a2d.wav,Saxophone
578874df.wav,Acoustic_guitar
57aa8a3b.wav,Flute
57de0162.wav,Bass_drum
57f97997.wav,Saxophone
581a785f.wav,Acoustic_guitar
585c9c8c.wav,Acoustic_guitar
586d03f8.wav,Saxophone
58724448.wav,Saxophone
58d59768.wav,Saxophone
58ea1595.wav,Acoustic_guitar
58f8c3db.wav,Clarinet
58fec070.wav,Violin_or_fiddle
58ffa1af.wav,Double_bass
591cf4c2.wav,Saxophone
595c191d.wav,Double_bass
59a59541.wav,Saxophone
59ee6ca1.wav,Cello
5a0db4b1.wav,Cello
5a1aa685.wav,Cello
5a55b3dd.wav,Clarinet
5a60144f.wav,Saxophone
5a92008e.wav,Clarinet
5abdead3.wav,Saxophone
5ad06e75.wav,Saxophone
5afe0b38.wav,Snare_drum
5b01d7c2.wav,Saxophone
5b05a989.wav,Acoustic_guitar
5b0f3bc6.wav,Snare_drum
5b3300e6.wav,Double_bass
5b40b38c.wav,Acoustic_guitar
5b9a8b5f.wav,Acoustic_guitar
5bad1306.wav,Violin_or_fiddle
5bdb30ae.wav,Clarinet
5c1932e9.wav,Flute
5c1bd24c.wav,Violin_or_fiddle
5c238ad9.wav,Flute
5c3371c4.wav,Cello
5c356407.wav,Acoustic_guitar
5c5dfa2e.wav,Snare_drum
5c634a3f.wav,Flute
5c981f32.wav,Flute
5ce35515.wav,Bass_drum
5ce40b1b.wav,Snare_drum
5cfa0135.wav,Flute
5d025bc2.wav,Flute
5d040c3b.wav,Flute
5d108bb1.wav,Bass_drum
5d10b35b.wav,Saxophone
5d43f0e7.wav,Cello
5d4f8187.wav,Saxophone
5d5c4b15.wav,Hi-hat
5d5ea0ea.wav,Clarinet
5d73ee6f.wav,Flute
5d79776e.wav,Acoustic_guitar
5d826a12.wav,Flute
5d902b1c.wav,Bass_drum
5dbd6915.wav,Violin_or_fiddle
5dcb880c.wav,Clarinet
5dd6875c.wav,Violin_or_fiddle
5de123c3.wav,Clarinet
5e04aa68.wav,Cello
5e2417a2.wav,Saxophone
5e3b2fca.wav,Cello
5e4477e9.wav,Cello
5e5bca7a.wav,Cello
5e92ec3d.wav,Saxophone
5eadbc6d.wav,Double_bass
5ec7ad26.wav,Hi-hat
5f0dc8e4.wav,Saxophone
5f1fadee.wav,Clarinet
5f59933f.wav,Saxophone
5f673482.wav,Bass_drum
5f75b9cf.wav,Violin_or_fiddle
5f95ce73.wav,Bass_drum
5fb10f46.wav,Double_bass
5fca447b.wav,Acoustic_guitar
601c44d5.wav,Double_bass
604b54a9.wav,Clarinet
608ac00c.wav,Cello
60ee6e25.wav,Bass_drum
60f481f8.wav,Violin_or_fiddle
6116eaa8.wav,Double_bass
6122f82a.wav,Hi-hat
612702c3.wav,Hi-hat
612a9f1a.wav,Cello
612e2c3e.wav,Hi-hat
615f78cb.wav,Snare_drum
616e8c33.wav,Violin_or_fiddle
616ff2dc.wav,Saxophone
617db487.wav,Acoustic_guitar
6195b3c5.wav,Snare_drum
61b73bfe.wav,Cello
61bee671.wav,Acoustic_guitar
61c914b1.wav,Flute
61e4de0f.wav,Saxophone
61e63fef.wav,Hi-hat
61ef1c43.wav,Double_bass
61f21edf.wav,Saxophone
620dbdce.wav,Saxophone
62189e25.wav,Cello
6228bc8b.wav,Flute
62292efc.wav,Acoustic_guitar
623f0124.wav,Cello
626de1cb.wav,Saxophone
627099f7.wav,Saxophone
62aa42eb.wav,Cello
62b11034.wav,Flute
62c30547.wav,Flute
62d25be7.wav,Hi-hat
62e0d004.wav,Cello
62ff9fde.wav,Cello
630ad55a.wav,Hi-hat
63222cd2.wav,Double_bass
632c3aaf.wav,Violin_or_fiddle
632fd5c9.wav,Bass_drum
6366c230.wav,Violin_or_fiddle
63b9e36a.wav,Double_bass
63c8e4c6.wav,Saxophone
63e0ab2c.wav,Bass_drum
642aba58.wav,Violin_or_fiddle
642ad7e4.wav,Double_bass
6435af44.wav,Double_bass
6439679a.wav,Acoustic_guitar
644a201b.wav,Hi-hat
644cfbc8.wav,Flute
645efe85.wav,Violin_or_fiddle
6475a738.wav,Violin_or_fiddle
6480dd54.wav,Double_bass
6496bf6a.wav,Flute
64ac5d6b.wav,Flute
64ad99d7.wav,Double_bass
64c1bdd2.wav,Double_bass
64d8d4a7.wav,Flute
64edfb51.wav,Violin_or_fiddle
651633e2.wav,Clarinet
652df6f3.wav,Clarinet
654c910e.wav,Clarinet
655b5248.wav,Double_bass
65997d16.wav,Clarinet
65a604fb.wav,Acoustic_guitar
65d277f3.wav,Flute
65d688be.wav,Cello
6604ef02.wav,Acoustic_guitar
6664d3eb.wav,Violin_or_fiddle
668721df.wav,Saxophone
66a159d5.wav,Hi-hat
66a5b9fb.wav,Violin_or_fiddle
66bcf27e.wav,Double_bass
66be15fd.wav,Flute
66c39830.wav,Clarinet
66dd3d3b.wav,Acoustic_guitar
66e0dd75.wav,Cello
66fe50dc.wav,Saxophone
67013df6.wav,Violin_or_fiddle
673defaf.wav,Acoustic_guitar
674664a6.wav,Double_bass
67841fc1.wav,Saxophone
67909683.wav,Snare_drum
67d86f23.wav,Saxophone
67e80e0a.wav,Violin_or_fiddle
67eceec7.wav,Double_bass
67ed3008.wav,Acoustic_guitar
67f5ced8.wav,Clarinet
681b996f.wav,Snare_drum
684e4a9e.wav,Clarinet
68589f79.wav,Violin_or_fiddle
689aa181.wav,Cello
68b11a4d.wav,Clarinet
68bc0ce4.wav,Flute
68e1a3e9.wav,Snare_drum
690556ea.wav,Acoustic_guitar
6987863b.wav,Flute
699044df.wav,Cello
699385f4.wav,Cello
6994bf26.wav,Violin_or_fiddle
69af03c3.wav,Saxophone
69c41690.wav,Violin_or_fiddle
69cadbf5.wav,Flute
69e18f96.wav,Violin_or_fiddle
69e3060d.wav,Double_bass
69e9d6a0.wav,Cello
69f9d967.wav,Snare_drum
6a037ddf.wav,Flute
6a09c24b.wav,Acoustic_guitar
6a210ffa.wav,Cello
6a4276c7.wav,Double_bass
6a446a35.wav,Acoustic_guitar
6a63dd77.wav,Saxophone
6a72696a.wav,Snare_drum
6a7c4f15.wav,Cello
6a8dce61.wav,Saxophone
6a96272b.wav,Bass_drum
6aa010f1.wav,Bass_drum
6ab76c9a.wav,Clarinet
6acef16d.wav,Acoustic_guitar
6b03607b.wav,Double_bass
6b15ac5a.wav,Flute
6b27a847.wav,Flute
6b90ade1.wav,Saxophone
6b93b48a.wav,Double_bass
6bc67fe4.wav,Acoustic_guitar
6c271514.wav,Flute
6c329938.wav,Flute
6c94cf13.wav,Cello
6cde1300.wav,Cello
6ceab67a.wav,Saxophone
6d21ad67.wav,Bass_drum
6daab86c.wav,Saxophone
6dd8c59b.wav,Violin_or_fiddle
6df575aa.wav,Violin_or_fiddle
6dfd9bac.wav,Clarinet
6dfdf381.wav,Cello
6e1f6a82.wav,Double_bass
6e54b3a9.wav,Flute
6ea22bc2.wav,Saxophone
6eb59008.wav,Violin_or_fiddle
6ecc6446.wav,Flute
6ee9f703.wav,Violin_or_fiddle
6ef82473.wav,Flute
6efbaf90.wav,Double_bass
6f02c591.wav,Saxophone
6f95f6ee.wav,Double_bass
6fca680b.wav,Snare_drum
6fd3cd15.wav,Flute
6fdb913f.wav,Acoustic_guitar
6ff78d91.wav,Double_bass
700f6042.wav,Double_bass
7016103a.wav,Double_bass
70231b6a.wav,Saxophone
703e4244.wav,Double_bass
705da657.wav,Acoustic_guitar
706c9a51.wav,Acoustic_guitar
7096f946.wav,Cello
70a2e253.wav,Clarinet
70a42920.wav,Bass_drum
70c00511.wav,Saxophone
70ca9c77.wav,Acoustic_guitar
70d942a5.wav,Bass_drum
70f8cdfa.wav,Bass_drum
70fe372a.wav,Saxophone
715acdb3.wav,Hi-hat
7187cb86.wav,Violin_or_fiddle
718f1572.wav,Cello
71b6d6c9.wav,Bass_drum
71c58e84.wav,Clarinet
71c6451f.wav,Clarinet
71c7c6da.wav,Cello
71e52061.wav,Violin_or_fiddle
71ed6f46.wav,Saxophone
7233498a.wav,Clarinet
725e4647.wav,Bass_drum
7261a227.wav,Hi-hat
727e8840.wav,Double_bass
72d24b33.wav,Double_bass
730434e2.wav,Flute
731f0692.wav,Double_bass
733324ef.wav,Double_bass
7345bacf.wav,Cello
7351502a.wav,Saxophone
7352e28f.wav,Saxophone
73677128.wav,Hi-hat
737aaa61.wav,Acoustic_guitar
73840309.wav,Saxophone
7396e929.wav,Snare_drum
73ffc53f.wav,Clarinet
740c8837.wav,Cello
740e5bb7.wav,Clarinet
7436a76c.wav,Flute
743ae0f9.wav,Cello
7470ab2c.wav,Saxophone
74728e98.wav,Clarinet
7472b44c.wav,Flute
748c5f3b.wav,Saxophone
74cfa1eb.wav,Clarinet
74d3f71d.wav,Violin_or_fiddle
7506dcc4.wav,Acoustic_guitar
75632585.wav,Flute
756fc6fa.wav,Cello
75916a91.wav,Acoustic_guitar
75eeefbf.wav,Violin_or_fiddle
75f988e6.wav,Acoustic_guitar
764e4fce.wav,Bass_drum
766d2f81.wav,Cello
767c9e2d.wav,Violin_or_fiddle
768362fb.wav,Acoustic_guitar
76892e9c.wav,Violin_or_fiddle
769980e5.wav,Double_bass
76ae11d8.wav,Hi-hat
76b0588a.wav,Saxophone
76caa735.wav,Saxophone
76cf62b3.wav,Clarinet
76e07b91.wav,Clarinet
76e56ba9.wav,Double_bass
76f2268a.wav,Violin_or_fiddle
76fdce1b.wav,Clarinet
775f9a04.wav,Flute
77e64c77.wav,Hi-hat
78182721.wav,Snare_drum
781df1a2.wav,Violin_or_fiddle
781e92e0.wav,Violin_or_fiddle
78207d14.wav,Bass_drum
789ceb04.wav,Snare_drum
78a86075.wav,Saxophone
78cf7be3.wav,Double_bass
790b0c13.wav,Saxophone
791648dc.wav,Double_bass
79340af7.wav,Clarinet
7938de7e.wav,Double_bass
796c25a1.wav,Violin_or_fiddle
79753d0c.wav,Saxophone
798b33e8.wav,Acoustic_guitar
79bc77b2.wav,Flute
79c2afb1.wav,Clarinet
79cf0f4b.wav,Snare_drum
79f04f95.wav,Cello
7a458eec.wav,Saxophone
7a4666c5.wav,Double_bass
7a5a8e6a.wav,Flute
7a7b777d.wav,Hi-hat
7a80327b.wav,Clarinet
7a82bd12.wav,Acoustic_guitar
7a871def.wav,Hi-hat
7a9880fb.wav,Snare_drum
7aba7444.wav,Violin_or_fiddle
7ac9a9bf.wav,Acoustic_guitar
7ad126fa.wav,Bass_drum
7af0f234.wav,Flute
7b460e46.wav,Violin_or_fiddle
7b4d753c.wav,Hi-hat
7b5777f2.wav,Saxophone
7b6a119e.wav,Violin_or_fiddle
7baf18f6.wav,Clarinet
7bb189e3.wav,Clarinet
7bc9c37f.wav,Flute
7bce7d7c.wav,Acoustic_guitar
7bfed231.wav,Flute
7c07d6ac.wav,Double_bass
7c8fc462.wav,Flute
7caeda63.wav,Violin_or_fiddle
7cbae5c6.wav,Flute
7cc65c00.wav,Saxophone
7cf3befc.wav,Cello
7d03a440.wav,Clarinet
7d11b3b4.wav,Bass_drum
7d2649b5.wav,Snare_drum
7d28e622.wav,Hi-hat
7d3039a9.wav,Clarinet
7d37ed76.wav,Saxophone
7d7b6fe2.wav,Acoustic_guitar
7d87a34c.wav,Snare_drum
7d896090.wav,Cello
7d96a0b1.wav,Flute
7db2432f.wav,Acoustic_guitar
7dda9dc2.wav,Bass_drum
7e10c7ae.wav,Acoustic_guitar
7e3b2b71.wav,Clarinet
7e498870.wav,Double_bass
7e5c47c9.wav,Acoustic_guitar
7e66cfeb.wav,Double_bass
7e6aaaa3.wav,Cello
7e7c5843.wav,Double_bass
7e85a484.wav,Double_bass
7eab8be1.wav,Acoustic_guitar
7eadea22.wav,Violin_or_fiddle
7eb5554e.wav,Bass_drum
7eb959ec.wav,Clarinet
7eb9dac0.wav,Violin_or_fiddle
7ec8b121.wav,Saxophone
7ee7a710.wav,Double_bass
7ef380a8.wav,Acoustic_guitar
7f097912.wav,Hi-hat
7f199dc1.wav,Hi-hat
7f1a7122.wav,Double_bass
7f46849b.wav,Cello
7f553a15.wav,Violin_or_fiddle
7f6dfd5b.wav,Flute
7f7310a5.wav,Snare_drum
7f828087.wav,Acoustic_guitar
7fa88daa.wav,Saxophone
7fb68d4d.wav,Saxophone
7fd9457c.wav,Clarinet
800b401e.wav,Clarinet
801a341a.wav,Violin_or_fiddle
80653fbf.wav,Cello
807116b8.wav,Clarinet
8073923c.wav,Double_bass
80784970.wav,Violin_or_fiddle
807e8ac4.wav,Flute
8084970f.wav,Saxophone
809ea09e.wav,Bass_drum
80d11b17.wav,Violin_or_fiddle
80d22981.wav,Acoustic_guitar
80d770cd.wav,Saxophone
80ef109f.wav,Violin_or_fiddle
811bf309.wav,Cello
811e1301.wav,Clarinet
812f079e.wav,Hi-hat
81337cd8.wav,Double_bass
81b607de.wav,Acoustic_guitar
81be79f6.wav,Flute
81c62db2.wav,Double_bass
81cb6681.wav,Clarinet
81d9f077.wav,Cello
81e56a0f.wav,Violin_or_fiddle
81ec2e65.wav,Acoustic_guitar
81ef75df.wav,Clarinet
81f0cefe.wav,Double_bass
820ca779.wav,Flute
820f3645.wav,Saxophone
8217f351.wav,Clarinet
822fdbff.wav,Violin_or_fiddle
823e3be5.wav,Acoustic_guitar
824c69d3.wav,Violin_or_fiddle
82689427.wav,Cello
826f23dd.wav,Acoustic_guitar
82b513fe.wav,Violin_or_fiddle
82c4cf74.wav,Snare_drum
82d4fb44.wav,Snare_drum
82d58fa4.wav,Clarinet
82dcb7ef.wav,Violin_or_fiddle
82ecb65c.wav,Acoustic_guitar
82ef1c9a.wav,Snare_drum
82f9184f.wav,Clarinet
82fa96a7.wav,Acoustic_guitar
82feeab8.wav,Bass_drum
831c3001.wav,Flute
831efaf7.wav,Clarinet
8332e01d.wav,Double_bass
8396ddd8.wav,Clarinet
83bd40b1.wav,Saxophone
83bf905c.wav,Saxophone
83c449b0.wav,Acoustic_guitar
83cdded0.wav,Flute
83dfe2f2.wav,Hi-hat
84043116.wav,Bass_drum
84404ec9.wav,Clarinet
84894270.wav,Violin_or_fiddle
848d442c.wav,Violin_or_fiddle
848faca3.wav,Violin_or_fiddle
849d97d6.wav,Double_bass
84a7f354.wav,Clarinet
84ba894c.wav,Saxophone
84c521bf.wav,Saxophone
84e54455.wav,Saxophone
84f46494.wav,Clarinet
84f5b84b.wav,Flute
853c5a08.wav,Cello
8558d866.wav,Flute
856ef8d7.wav,Double_bass
85834e0b.wav,Flute
8599f0a2.wav,Saxophone
85b3b38d.wav,Violin_or_fiddle
85d6a7d2.wav,Flute
85d825f1.wav,Double_bass
85e3073f.wav,Saxophone
85fd2b40.wav,Clarinet
860a2f2e.wav,Saxophone
86154cb7.wav,Violin_or_fiddle
8650e7fd.wav,Acoustic_guitar
8674c96e.wav,Flute
868db11e.wav,Double_bass
86db4afb.wav,Double_bass
86e8698a.wav,Violin_or_fiddle
86f881f3.wav,Double_bass
8708ffe8.wav,Clarinet
87286ca4.wav,Saxophone
87389ed4.wav,Violin_or_fiddle
874959d9.wav,Clarinet
879796a5.wav,Double_bass
87e8ae71.wav,Violin_or_fiddle
880c48fa.wav,Acoustic_guitar
88500b88.wav,Cello
88780eac.wav,Bass_drum
889a0bc2.wav,Violin_or_fiddle
88ac1360.wav,Acoustic_guitar
88fd411f.wav,Snare_drum
89055011.wav,Violin_or_fiddle
8916ffcd.wav,Clarinet
892505e9.wav,Double_bass
89269203.wav,Flute
89462d3b.wav,Flute
897eed84.wav,Cello
8986cced.wav,Flute
8987511f.wav,Acoustic_guitar
89a058e2.wav,Acoustic_guitar
89c2111f.wav,Double_bass
89d12569.wav,Flute
89f33989.wav,Clarinet
8a2f4e19.wav,Acoustic_guitar
8a3e5147.wav,Clarinet
8a4d0d1e.wav,Hi-hat
8a68f631.wav,Saxophone
8a6ad56f.wav,Cello
8a843f42.wav,Snare_drum
8aaada9f.wav,Clarinet
8ae68e01.wav,Flute
8af3c40f.wav,Cello
8b14e805.wav,Snare_drum
8b33f120.wav,Clarinet
8b65c98b.wav,Saxophone
8b6a16de.wav,Bass_drum
8bc4df93.wav,Clarinet
8bd954b8.wav,Cello
8c1d4c50.wav,Violin_or_fiddle
8c452b56.wav,Flute
8c525564.wav,Clarinet
8c78be1b.wav,Snare_drum
8c8112f6.wav,Clarinet
8c9da787.wav,Violin_or_fiddle
8cd809d3.wav,Hi-hat
8ce2e863.wav,Double_bass
8cfbfd2c.wav,Bass_drum
8d0d7231.wav,Double_bass
8d490c5e.wav,Bass_drum
8d4f9ffa.wav,Double_bass
8d51290f.wav,Cello
8d647117.wav,Clarinet
8d7a9c06.wav,Violin_or_fiddle
8d7d7dba.wav,Violin_or_fiddle
8da6c391.wav,Saxophone
8da75280.wav,Acoustic_guitar
8de5e04d.wav,Acoustic_guitar
8dfd2855.wav,Acoustic_guitar
8e135724.wav,Saxophone
8e21023c.wav,Clarinet
8e2d8cf6.wav,Cello
8e2df31d.wav,Cello
8e48f5a7.wav,Violin_or_fiddle
8e7512f7.wav,Snare_drum
8ebeeb5b.wav,Clarinet
8ee44fb5.wav,Clarinet
8f0513e9.wav,Hi-hat
8f19c3a5.wav,Snare_drum
8f223da9.wav,Saxophone
8f2fd2f4.wav,Cello
8f339c50.wav,Acoustic_guitar
8f4390df.wav,Cello
8f6fc115.wav,Clarinet
8fa096bf.wav,Saxophone
8fad9735.wav,Clarinet
8fe0469c.wav,Saxophone
8ffd4ff9.wav,Snare_drum
901370b6.wav,Clarinet
90146556.wav,Snare_drum
902e49cf.wav,Snare_drum
903f5020.wav,Saxophone
90613d4b.wav,Clarinet
90a3a39c.wav,Flute
90b05b4d.wav,Flute
91214155.wav,Clarinet
9147666d.wav,Violin_or_fiddle
914d75e2.wav,Double_bass
914df865.wav,Saxophone
91589588.wav,Cello
915f042e.wav,Snare_drum
918d0d06.wav,Saxophone
918e91ba.wav,Flute
91c20b98.wav,Snare_drum
91c86274.wav,Clarinet
91d51cde.wav,Clarinet
91f4fbbe.wav,Cello
9213bda5.wav,Clarinet
921eee9d.wav,Bass_drum
9226c06e.wav,Bass_drum
924f77c2.wav,Double_bass
92aeecd5.wav,Snare_drum
930d93e8.wav,Clarinet
9312a465.wav,Double_bass
93198de4.wav,Snare_drum
9320c55f.wav,Snare_drum
932280e6.wav,Snare_drum
9346e7b5.wav,Acoustic_guitar
93519b51.wav,Cello
94072fe7.wav,Hi-hat
941948de.wav,Clarinet
9451faed.wav,Acoustic_guitar
947e032f.wav,Acoustic_guitar
9482e6aa.wav,Hi-hat
94ac7699.wav,Violin_or_fiddle
94b5936a.wav,Cello
9503993d.wav,Double_bass
9522a3f6.wav,Violin_or_fiddle
953073cc.wav,Saxophone
954128f1.wav,Acoustic_guitar
956d90d2.wav,Double_bass
957a1c84.wav,Violin_or_fiddle
95a54c9a.wav,Clarinet
95b961c8.wav,Clarinet
95e1d0ae.wav,Double_bass
95eb2e1a.wav,Double_bass
9615da77.wav,Clarinet
962b14bb.wav,Double_bass
96480ba8.wav,Snare_drum
965e56e4.wav,Cello
96721b90.wav,Acoustic_guitar
967e7193.wav,Double_bass
96815d71.wav,Violin_or_fiddle
9693b0fe.wav,Acoustic_guitar
969b4f60.wav,Cello
96adbece.wav,Hi-hat
96dad435.wav,Saxophone
96e5f7c8.wav,Cello
96e9e3e9.wav,Flute
9713a607.wav,Double_bass
97223bf2.wav,Acoustic_guitar
977cf8c5.wav,Acoustic_guitar
97a079d5.wav,Double_bass
97a1d2cb.wav,Clarinet
97c2fed9.wav,Bass_drum
97db1f95.wav,Violin_or_fiddle
98251d65.wav,Violin_or_fiddle
988025aa.wav,Clarinet
98aeddbf.wav,Clarinet
98c9a93d.wav,Violin_or_fiddle
98cf9714.wav,Acoustic_guitar
98d6a254.wav,Cello
98fb288b.wav,Saxophone
99037a46.wav,Flute
9923ddf8.wav,Acoustic_guitar
993420a6.wav,Saxophone
993f7c05.wav,Flute
99411449.wav,Saxophone
9950d23a.wav,Flute
9978b153.wav,Snare_drum
9984bfd9.wav,Hi-hat
99a5838c.wav,Double_bass
99ac6bcd.wav,Clarinet
99c96a07.wav,Hi-hat
99ca03d2.wav,Clarinet
99e81de6.wav,Cello
99e97f38.wav,Double_bass
9a01151b.wav,Flute
9a0ad181.wav,Cello
9a215d6a.wav,Flute
9a3ce4ef.wav,Saxophone
9a4bfb69.wav,Bass_drum
9a61e15d.wav,Clarinet
9a679751.wav,Violin_or_fiddle
9a6a0993.wav,Hi-hat
9a722e53.wav,Clarinet
9a72bb2e.wav,Violin_or_fiddle
9a87841a.wav,Bass_drum
9ab4b484.wav,Flute
9adeec85.wav,Violin_or_fiddle
9adffd44.wav,Bass_drum
9aeb5b7c.wav,Double_bass
9b3f965b.wav,Hi-hat
9bc87f37.wav,Cello
9bceebbb.wav,Saxophone
9bedf2cf.wav,Flute
9bf2f8d2.wav,Bass_drum
9c0838c1.wav,Saxophone
9c13c0f4.wav,Clarinet
9c27892f.wav,Saxophone
9c2ba819.wav,Cello
9c452692.wav,Violin_or_fiddle
9c53c34c.wav,Cello
9c56788f.wav,Hi-hat
9c917ad7.wav,Cello
9ca0bd7a.wav,Violin_or_fiddle
9cc1cf39.wav,Flute
9cc4b0d0.wav,Snare_drum
9cd05a2b.wav,Saxophone
9ced37af.wav,Saxophone
9cf87d5e.wav,Flute
9d072bbc.wav,Acoustic_guitar
9d265924.wav,Snare_drum
9d308738.wav,Snare_drum
9d5c11e3.wav,Flute
9dac2618.wav,Bass_drum
9dd0141c.wav,Double_bass
9e2a67a4.wav,Flute
9e3bc1b6.wav,Cello
9e4a55f7.wav,Hi-hat
9e4e38dd.wav,Clarinet
9e613573.wav,Acoustic_guitar
9e969e02.wav,Flute
9ea2e8a4.wav,Bass_drum
9ee5e052.wav,Cello
9ee6f88f.wav,Clarinet
9eeee74d.wav,Snare_drum
9f0d8ba2.wav,Cello
9f2c9979.wav,Violin_or_fiddle
9f314faa.wav,Violin_or_fiddle
9f42a285.wav,Flute
9f522cda.wav,Flute
9f6d8417.wav,Snare_drum
9f6eac9c.wav,Flute
9f76da16.wav,Violin_or_fiddle
9f84ea5a.wav,Snare_drum
9fafd09e.wav,Saxophone
9fcbf5c6.wav,Acoustic_guitar
a010aa8c.wav,Cello
a018addc.wav,Acoustic_guitar
a0220d4c.wav,Acoustic_guitar
a0476541.wav,Snare_drum
a0494332.wav,Bass_drum
a053797b.wav,Clarinet
a059c58e.wav,Acoustic_guitar
a05e8415.wav,Snare_drum
a0678493.wav,Hi-hat
a07014b6.wav,Clarinet
a08be6f7.wav,Hi-hat
a090c45a.wav,Hi-hat
a0cbe92e.wav,Double_bass
a0d273d0.wav,Saxophone
a10486c4.wav,Flute
a1142a5e.wav,Acoustic_guitar
a128dbd0.wav,Violin_or_fiddle
a138161a.wav,Acoustic_guitar
a139a928.wav,Clarinet
a13c3b3b.wav,Clarinet
a1547447.wav,Cello
a159284f.wav,Violin_or_fiddle
a16cc0fc.wav,Saxophone
a1b369d7.wav,Hi-hat
a1e15b33.wav,Snare_drum
a1eb1ba8.wav,Cello
a20aeb44.wav,Saxophone
a20d34e8.wav,Flute
a21cb79e.wav,Flute
a225b11d.wav,Hi-hat
a24a925e.wav,Violin_or_fiddle
a2502b0b.wav,Snare_drum
a2517ae9.wav,Flute
a25423a8.wav,Acoustic_guitar
a2632fce.wav,Cello
a2d9bbfb.wav,Violin_or_fiddle
a329f591.wav,Cello
a3526374.wav,Acoustic_guitar
a38815ad.wav,Saxophone
a392fe69.wav,Violin_or_fiddle
a3b975c1.wav,Cello
a402ad98.wav,Flute
a405ece1.wav,Acoustic_guitar
a42a8dc3.wav,Hi-hat
a439d172.wav,Cello
a4791802.wav,Saxophone
a48c28b0.wav,Clarinet
a4c6a3f7.wav,Acoustic_guitar
a4e098cf.wav,Cello
a4e1fac1.wav,Clarinet
a4f46324.wav,Flute
a5157cb6.wav,Flute
a56c5e8e.wav,Saxophone
a57ebb7c.wav,Saxophone
a59b5a08.wav,Cello
a5a7f4df.wav,Flute
a5b01a7d.wav,Double_bass
a5c51c97.wav,Bass_drum
a5c92b8f.wav,Snare_drum
a5f57993.wav,Hi-hat
a5f8d853.wav,Violin_or_fiddle
a603a2be.wav,Bass_drum
a6066192.wav,Violin_or_fiddle
a629ead0.wav,Hi-hat
a6339fc0.wav,Cello
a635795a.wav,Flute
a6420b34.wav,Saxophone
a646d10d.wav,Acoustic_guitar
a64a3740.wav,Clarinet
a6728901.wav,Acoustic_guitar
a6a969e4.wav,Double_bass
a6b02a43.wav,Clarinet
a702f715.wav,Double_bass
a71b2946.wav,Double_bass
a71babd2.wav,Cello
a7295103.wav,Flute
a75e8258.wav,Cello
a77e4bcb.wav,Violin_or_fiddle
a7964699.wav,Hi-hat
a7ad0909.wav,Saxophone
a7b12bf3.wav,Saxophone
a7b4f36a.wav,Violin_or_fiddle
a7e15331.wav,Clarinet
a81b45a1.wav,Hi-hat
a8361de4.wav,Hi-hat
a85cec71.wav,Cello
a85ff4da.wav,Violin_or_fiddle
a8683041.wav,Double_bass
a8704b8e.wav,Hi-hat
a871839b.wav,Flute
a882a030.wav,Bass_drum
a89b3d24.wav,Acoustic_guitar
a8b67798.wav,Saxophone
a8b6ece8.wav,Cello
a8be1741.wav,Flute
a95c016b.wav,Flute
a9af525b.wav,Violin_or_fiddle
a9e1b8a5.wav,Snare_drum
a9ec1624.wav,Violin_or_fiddle
a9f3c0c5.wav,Bass_drum
aa093cc6.wav,Saxophone
aa909ac6.wav,Saxophone
aa9ae956.wav,Bass_drum
aab28420.wav,Violin_or_fiddle
aac26506.wav,Clarinet
aacefbf1.wav,Snare_drum
aad3fd7a.wav,Acoustic_guitar
aaec40ba.wav,Acoustic_guitar
aaf6167e.wav,Violin_or_fiddle
ab166a21.wav,Clarinet
ab23edb1.wav,Flute
ab465bf9.wav,Saxophone
ab64c062.wav,Clarinet
ab67eaf3.wav,Double_bass
ab81b78c.wav,Flute
ab8e8ae3.wav,Cello
abb0e46e.wav,Violin_or_fiddle
abd525ef.wav,Hi-hat
ac00a026.wav,Hi-hat
ac087c83.wav,Double_bass
ac097834.wav,Saxophone
ac35d055.wav,Cello
ac42801e.wav,Double_bass
ac52ee24.wav,Violin_or_fiddle
ac650d33.wav,Bass_drum
aca975c3.wav,Saxophone
acc419e6.wav,Saxophone
accdd468.wav,Hi-hat
acdb405a.wav,Cello
ad06c90b.wav,Cello
ad3ff995.wav,Hi-hat
ad42e493.wav,Clarinet
ad7a0dd8.wav,Clarinet
ad7ec8cb.wav,Clarinet
ad91fee3.wav,Cello
ad999a17.wav,Acoustic_guitar
adc9d9d8.wav,Snare_drum
adf35797.wav,Acoustic_guitar
ae0d9801.wav,Flute
ae26f1af.wav,Double_bass
ae38fd74.wav,Snare_drum
ae578781.wav,Flute
ae5c5c48.wav,Flute
ae67b6b6.wav,Clarinet
ae733935.wav,Double_bass
ae7d1c37.wav,Snare_drum
ae8d10a8.wav,Clarinet
ae8eee17.wav,Clarinet
ae9308c1.wav,Snare_drum
aecf8744.wav,Acoustic_guitar
aed9d22f.wav,Hi-hat
aef27ffa.wav,Acoustic_guitar
aefa64ef.wav,Hi-hat
aefd8a46.wav,Acoustic_guitar
af227d6f.wav,Flute
af26af82.wav,Snare_drum
af37d60f.wav,Snare_drum
af3ba889.wav,Violin_or_fiddle
af68a762.wav,Flute
af7d378f.wav,Cello
af8034f1.wav,Snare_drum
afb90284.wav,Double_bass
afbdea95.wav,Hi-hat
afc24d59.wav,Cello
afe33168.wav,Saxophone
b0040f47.wav,Snare_drum
b014444f.wav,Cello
b02c57e9.wav,Acoustic_guitar
b03097d6.wav,Saxophone
b032fee6.wav,Violin_or_fiddle
b04794e5.wav,Double_bass
b04badcf.wav,Flute
b050e599.wav,Bass_drum
b094a923.wav,Clarinet
b0b7029b.wav,Cello
b0b844f6.wav,Double_bass
b0c06255.wav,Clarinet
b0d9849d.wav,Flute
b0e98cd1.wav,Acoustic_guitar
b0f271a3.wav,Snare_drum
b11880e8.wav,Snare_drum
b120dc90.wav,Saxophone
b124ad3b.wav,Acoustic_guitar
b12bd3a4.wav,Hi-hat
b18b17ca.wav,Clarinet
b191ac63.wav,Clarinet
b1c0912f.wav,Snare_drum
b20512a1.wav,Acoustic_guitar
b217c2f6.wav,Bass_drum
b218444c.wav,Snare_drum
b2261238.wav,Acoustic_guitar
b235e178.wav,Clarinet
b24ffcd5.wav,Flute
b272072e.wav,Flute
b2801d36.wav,Acoustic_guitar
b2dd438a.wav,Snare_drum
b31ed1fb.wav,Hi-hat
b331f336.wav,Bass_drum
b342332d.wav,Bass_drum
b35b2952.wav,Saxophone
b36ddd2a.wav,Double_bass
b37b60fb.wav,Cello
b3935201.wav,Flute
b3ad87ce.wav,Cello
b3cee50d.wav,Cello
b428466c.wav,Double_bass
b4324916.wav,Cello
b4608f87.wav,Hi-hat
b462999a.wav,Double_bass
b469f417.wav,Double_bass
b46cb6aa.wav,Violin_or_fiddle
b47e0c27.wav,Acoustic_guitar
b490247e.wav,Clarinet
b4a519aa.wav,Acoustic_guitar
b4aa81ca.wav,Flute
b4b2b68d.wav,Flute
b4c03fe3.wav,Violin_or_fiddle
b50bbfa4.wav,Acoustic_guitar
b5174361.wav,Flute
b532b9e3.wav,Clarinet
b571b485.wav,Double_bass
b578843d.wav,Clarinet
b59561bd.wav,Double_bass
b5a9e6ce.wav,Acoustic_guitar
b5c1c5b5.wav,Double_bass
b5e11334.wav,Saxophone
b5e34de8.wav,Saxophone
b5eec01c.wav,Violin_or_fiddle
b60ff4ea.wav,Saxophone
b665434e.wav,Saxophone
b67c6dd7.wav,Flute
b67dbbb6.wav,Violin_or_fiddle
b68f10af.wav,Snare_drum
b6a4a4a6.wav,Hi-hat
b6b58ee3.wav,Saxophone
b6cbc6a9.wav,Snare_drum
b6d82634.wav,Violin_or_fiddle
b7008f21.wav,Bass_drum
b70d7854.wav,Flute
b73c3595.wav,Violin_or_fiddle
b742c26a.wav,Clarinet
b753a444.wav,Clarinet
b78197b6.wav,Saxophone
b7b6af6b.wav,Acoustic_guitar
b7db48cc.wav,Hi-hat
b7e5c702.wav,Violin_or_fiddle
b81f0cf6.wav,Acoustic_guitar
b8279dc3.wav,Acoustic_guitar
b83049f4.wav,Saxophone
b8520f7f.wav,Flute
b8683ef1.wav,Flute
b86b5a96.wav,Snare_drum
b87fd978.wav,Saxophone
b88307d9.wav,Hi-hat
b88322f6.wav,Acoustic_guitar
b8c0a88a.wav,Saxophone
b91b2b5e.wav,Bass_drum
b9360513.wav,Snare_drum
b93d6988.wav,Saxophone
b99c6036.wav,Clarinet
b9b4cdeb.wav,Double_bass
b9dd574a.wav,Acoustic_guitar
b9f4211b.wav,Double_bass
ba015e1e.wav,Cello
ba1cc479.wav,Snare_drum
ba607131.wav,Double_bass
ba648ac1.wav,Violin_or_fiddle
ba6bc4f2.wav,Hi-hat
ba849862.wav,Clarinet
ba94ad47.wav,Cello
baaf8e25.wav,Double_bass
bab98261.wav,Bass_drum
bafabe58.wav,Flute
bb0f5596.wav,Clarinet
bb148385.wav,Double_bass
bb151a96.wav,Flute
bb1f5874.wav,Acoustic_guitar
bb3d2f25.wav,Flute
bb47c6a3.wav,Cello
bb4bc929.wav,Double_bass
bb54b5c9.wav,Acoustic_guitar
bb5b7dd7.wav,Hi-hat
bb6b327a.wav,Acoustic_guitar
bb9c5fff.wav,Flute
bbaed12b.wav,Hi-hat
bbbf4455.wav,Clarinet
bbf857f0.wav,Flute
bc04e5dd.wav,Hi-hat
bc054a42.wav,Flute
bc10442c.wav,Clarinet
bc156515.wav,Double_bass
bc587eb9.wav,Clarinet
bc69b011.wav,Hi-hat
bc6d6ca0.wav,Double_bass
bce39281.wav,Flute
bce5ed32.wav,Saxophone
bce8e045.wav,Acoustic_guitar
bd1e5a45.wav,Double_bass
bd5a6718.wav,Acoustic_guitar
bd5bcdfa.wav,Saxophone
bd7a095a.wav,Double_bass
bdaa2419.wav,Clarinet
bdc7d7b2.wav,Violin_or_fiddle
bdea8ef0.wav,Violin_or_fiddle
be014d8c.wav,Violin_or_fiddle
be1689bd.wav,Cello
be207d3f.wav,Flute
be21dd3d.wav,Acoustic_guitar
be27070e.wav,Clarinet
be2f3e5c.wav,Violin_or_fiddle
be3d113e.wav,Flute
be4f26c0.wav,Flute
be690642.wav,Acoustic_guitar
be6c0570.wav,Saxophone
be6e2335.wav,Cello
be7844f0.wav,Acoustic_guitar
be7b24cf.wav,Violin_or_fiddle
be7cd899.wav,Bass_drum
be8bf725.wav,Saxophone
be93e48b.wav,Double_bass
be990588.wav,Acoustic_guitar
bea51ca5.wav,Bass_drum
beb0de1c.wav,Saxophone
bf255693.wav,Bass_drum
bf47deb5.wav,Cello
bf7ac315.wav,Cello
bf8bd663.wav,Snare_drum
bf9dc054.wav,Clarinet
bfc870a2.wav,Double_bass
bfd73e2b.wav,Cello
bfe47c66.wav,Bass_drum
bfe93942.wav,Acoustic_guitar
bfeccbbd.wav,Cello
c00b6fbb.wav,Double_bass
c08227e9.wav,Flute
c0a60449.wav,Flute
c0d49272.wav,Clarinet
c0ddf010.wav,Double_bass
c0e26ff9.wav,Double_bass
c0e31ded.wav,Flute
c0e8071b.wav,Hi-hat
c0ed8d35.wav,Bass_drum
c0f558f9.wav,Violin_or_fiddle
c100da2a.wav,Snare_drum
c110f86f.wav,Snare_drum
c11a0b57.wav,Bass_drum
c1314c4c.wav,Hi-hat
c1316531.wav,Acoustic_guitar
c13f8291.wav,Hi-hat
c1427da5.wav,Flute
c151663f.wav,Double_bass
c153f347.wav,Bass_drum
c1762185.wav,Saxophone
c17bc5bb.wav,Hi-hat
c1948f24.wav,Saxophone
c1bc9813.wav,Violin_or_fiddle
c1c3c8b9.wav,Saxophone
c1f18487.wav,Saxophone
c23b101e.wav,Acoustic_guitar
c24167e4.wav,Flute
c25d70ce.wav,Violin_or_fiddle
c294590a.wav,Clarinet
c29fe4f2.wav,Double_bass
c2faa1c6.wav,Acoustic_guitar
c301b5ed.wav,Violin_or_fiddle
c304193d.wav,Flute
c3263833.wav,Flute
c33d0c95.wav,Flute
c36003ab.wav,Flute
c3846bb1.wav,Bass_drum
c39789a7.wav,Cello
c3c790fe.wav,Clarinet
c3dc55ab.wav,Cello
c3e4c395.wav,Hi-hat
c3f66c65.wav,Snare_drum
c402456b.wav,Saxophone
c40632d7.wav,Saxophone
c41c1d11.wav,Double_bass
c4205b3b.wav,Cello
c42136fb.wav,Cello
c424d929.wav,Saxophone
c43699cd.wav,Acoustic_guitar
c447910b.wav,Clarinet
c45ed547.wav,Acoustic_guitar
c47d0b09.wav,Flute
c4ed0194.wav,Violin_or_fiddle
c5064313.wav,Acoustic_guitar
c51a8fe2.wav,Acoustic_guitar
c53a217e.wav,Hi-hat
c53face5.wav,Acoustic_guitar
c54e1c25.wav,Cello
c56ad7af.wav,Violin_or_fiddle
c5a4c731.wav,Flute
c5b9391c.wav,Double_bass
c5d7ce42.wav,Snare_drum
c5d965d5.wav,Snare_drum
c613376f.wav,Bass_drum
c63f6883.wav,Flute
c644852c.wav,Saxophone
c66094de.wav,Saxophone
c67cb855.wav,Cello
c6831568.wav,Double_bass
c683f28f.wav,Flute
c684afce.wav,Snare_drum
c685f05f.wav,Saxophone
c6865306.wav,Violin_or_fiddle
c6a138c3.wav,Double_bass
c6e2218c.wav,Flute
c6f2940d.wav,Acoustic_guitar
c6f4b277.wav,Cello
c7084f84.wav,Clarinet
c71357b7.wav,Cello
c7282ede.wav,Saxophone
c7497700.wav,Hi-hat
c74ea973.wav,Double_bass
c7846d27.wav,Acoustic_guitar
c7c19fb5.wav,Flute
c7cb26e7.wav,Cello
c7d81f1b.wav,Cello
c7e780c7.wav,Violin_or_fiddle
c7ff089f.wav,Double_bass
c81bd883.wav,Flute
c82722e0.wav,Flute
c835e32a.wav,Cello
c83c23ce.wav,Clarinet
c83e0fa1.wav,Double_bass
c840804f.wav,Double_bass
c84df40e.wav,Double_bass
c8859669.wav,Hi-hat
c88c6a4b.wav,Flute
c8bb8a34.wav,Saxophone
c8c117dc.wav,Violin_or_fiddle
c8c8c6b5.wav,Snare_drum
c8ecbbfd.wav,Snare_drum
c8faa3e3.wav,Saxophone
c9023cd9.wav,Cello
c939ba79.wav,Clarinet
c958109f.wav,Violin_or_fiddle
c9a1c2b7.wav,Cello
c9babb89.wav,Clarinet
c9bdeeb3.wav,Clarinet
c9c95706.wav,Cello
c9e97784.wav,Violin_or_fiddle
c9f4878c.wav,Double_bass
c9fb642d.wav,Violin_or_fiddle
ca348cbb.wav,Double_bass
ca8653d2.wav,Flute
ca947135.wav,Cello
cac7dcf1.wav,Acoustic_guitar
cad60985.wav,Snare_drum
cae0d841.wav,Snare_drum
cb1e99b6.wav,Snare_drum
cb3f85e2.wav,Bass_drum
cb6d6563.wav,Violin_or_fiddle
cb8022d1.wav,Clarinet
cb943e69.wav,Snare_drum
cba68348.wav,Clarinet
cba78947.wav,Double_bass
cbbe9476.wav,Saxophone
cbc8d551.wav,Cello
cbecbb18.wav,Saxophone
cbfa5759.wav,Snare_drum
cc046f8d.wav,Acoustic_guitar
cc5662e7.wav,Flute
cc6302f2.wav,Snare_drum
cc706d6c.wav,Hi-hat
cc7dc6fa.wav,Cello
cc9ddcf7.wav,Cello
cccd5be2.wav,Flute
cd2656b2.wav,Hi-hat
cd40bd32.wav,Clarinet
cd5562d2.wav,Double_bass
cd7f12cc.wav,Flute
cd939e21.wav,Saxophone
cd9444a0.wav,Violin_or_fiddle
cda1ce11.wav,Hi-hat
cdb6724a.wav,Cello
cdbc82ee.wav,Cello
cdc5fe8e.wav,Violin_or_fiddle
cdeece57.wav,Violin_or_fiddle
ce285598.wav,Flute
ce34b933.wav,Acoustic_guitar
ce36b5f8.wav,Hi-hat
ce3f3400.wav,Bass_drum
ce55ed9f.wav,Bass_drum
ce65d6b5.wav,Clarinet
ce75b5ce.wav,Bass_drum
ceca4273.wav,Violin_or_fiddle
cee316e2.wav,Bass_drum
cf09ca4f.wav,Saxophone
cf20556b.wav,Acoustic_guitar
cf2343c6.wav,Acoustic_guitar
cf2877fe.wav,Double_bass
cf59ffba.wav,Snare_drum
cf810e55.wav,Double_bass
cf9f9d32.wav,Cello
cfa61a1d.wav,Acoustic_guitar
cfb55e4a.wav,Acoustic_guitar
cfb9c5fd.wav,Violin_or_fiddle
cfc76f15.wav,Flute
cfcf57f8.wav,Clarinet
cfdbf38b.wav,Hi-hat
cfecfc4e.wav,Double_bass
d00f9207.wav,Clarinet
d01cbcc8.wav,Hi-hat
d0219079.wav,Clarinet
d038c1e3.wav,Acoustic_guitar
d04475f7.wav,Double_bass
d07b3486.wav,Snare_drum
d0826760.wav,Violin_or_fiddle
d0d0249f.wav,Violin_or_fiddle
d0f3df9a.wav,Cello
d0ff69e9.wav,Hi-hat
d1012c2e.wav,Cello
d103891d.wav,Snare_drum
d126054d.wav,Violin_or_fiddle
d14f5df1.wav,Flute
d176b95e.wav,Cello
d18590d1.wav,Clarinet
d18c15c1.wav,Hi-hat
d19c1764.wav,Double_bass
d19cc6d8.wav,Cello
d1c030b4.wav,Snare_drum
d1c0cab6.wav,Saxophone
d1dec8ef.wav,Cello
d1ed5162.wav,Acoustic_guitar
d2012499.wav,Clarinet
d22a5883.wav,Hi-hat
d2408c48.wav,Flute
d245ed75.wav,Cello
d270f595.wav,Clarinet
d275b534.wav,Flute
d2ac02df.wav,Clarinet
d2b195bb.wav,Clarinet
d2cd80eb.wav,Cello
d2d076a3.wav,Saxophone
d328db67.wav,Cello
d33f38e9.wav,Hi-hat
d356b7a6.wav,Double_bass
d3582a01.wav,Acoustic_guitar
d3680645.wav,Cello
d390f367.wav,Double_bass
d3a64b56.wav,Double_bass
d3fe92d2.wav,Double_bass
d425d7b8.wav,Double_bass
d4b68bb1.wav,Bass_drum
d4bc030d.wav,Cello
d4bd0cce.wav,Cello
d4d11498.wav,Violin_or_fiddle
d4eea1c4.wav,Snare_drum
d53d97e5.wav,Double_bass
d56d9904.wav,Saxophone
d57f368b.wav,Double_bass
d5cd5497.wav,Clarinet
d5f52814.wav,Violin_or_fiddle
d5fc9f70.wav,Violin_or_fiddle
d6144e01.wav,Violin_or_fiddle
d6178af9.wav,Hi-hat
d61a6f87.wav,Double_bass
d61ab790.wav,Saxophone
d61f1a92.wav,Cello
d62edca5.wav,Bass_drum
d63ed02d.wav,Acoustic_guitar
d6665734.wav,Saxophone
d668e7f7.wav,Saxophone
d6691f17.wav,Saxophone
d67a9e5a.wav,Bass_drum
d6854eb4.wav,Hi-hat
d698b6bd.wav,Snare_drum
d7050320.wav,Double_bass
d7137371.wav,Clarinet
d7371221.wav,Cello
d73efc33.wav,Violin_or_fiddle
d79b9208.wav,Violin_or_fiddle
d7b534d3.wav,Hi-hat
d7e56425.wav,Cello
d8013141.wav,Acoustic_guitar
d83456f2.wav,Violin_or_fiddle
d84c8c43.wav,Violin_or_fiddle
d8697523.wav,Acoustic_guitar
d8a257e5.wav,Acoustic_guitar
d8ac74e8.wav,Acoustic_guitar
d8e833f0.wav,Hi-hat
d901468d.wav,Cello
d910a8c7.wav,Cello
d914225a.wav,Violin_or_fiddle
d94c94f0.wav,Saxophone
d9540472.wav,Violin_or_fiddle
d967c126.wav,Snare_drum
d9824b7b.wav,Cello
d98e6689.wav,Clarinet
d99b648a.wav,Clarinet
d9a58d0c.wav,Violin_or_fiddle
d9cb51e2.wav,Violin_or_fiddle
da1330e0.wav,Violin_or_fiddle
da2f1e87.wav,Clarinet
da3f8050.wav,Hi-hat
da4b0379.wav,Hi-hat
da6b010f.wav,Acoustic_guitar
da7bd5da.wav,Flute
da8603bf.wav,Cello
da8b8b06.wav,Cello
da8ea649.wav,Double_bass
daaed7b1.wav,Acoustic_guitar
dae936cc.wav,Violin_or_fiddle
daf478bb.wav,Double_bass
daf5af0a.wav,Violin_or_fiddle
db3ced72.wav,Flute
db68b704.wav,Violin_or_fiddle
db82f4e8.wav,Flute
db9a04ba.wav,Clarinet
db9d4d18.wav,Acoustic_guitar
dba08cf8.wav,Bass_drum
dba6817d.wav,Saxophone
dc159b76.wav,Clarinet
dc173173.wav,Bass_drum
dc1af797.wav,Flute
dc24f2cd.wav,Cello
dc4fbece.wav,Violin_or_fiddle
dc51a8b4.wav,Double_bass
dc5b2215.wav,Double_bass
dc5be9d7.wav,Cello
dc6676ff.wav,Flute
dc7e791d.wav,Saxophone
dc981a38.wav,Clarinet
dca7052f.wav,Acoustic_guitar
dcc21853.wav,Saxophone
dcc7acba.wav,Clarinet
dcd37383.wav,Saxophone
dd043345.wav,Acoustic_guitar
dd1d9afd.wav,Acoustic_guitar
dd5411fe.wav,Double_bass
dd67b8a9.wav,Clarinet
dd70a377.wav,Bass_drum
ddaccdb7.wav,Saxophone
dde05348.wav,Acoustic_guitar
dde416c6.wav,Clarinet
dde4bb79.wav,Double_bass
ddf23920.wav,Clarinet
de0131f0.wav,Clarinet
de06cab6.wav,Violin_or_fiddle
de0debf5.wav,Snare_drum
de218c28.wav,Cello
de2b8ade.wav,Acoustic_guitar
de4a8fc0.wav,Bass_drum
de6ee8f7.wav,Acoustic_guitar
de7758c6.wav,Violin_or_fiddle
de77f91e.wav,Saxophone
de86df69.wav,Clarinet
de941b74.wav,Saxophone
de99b2d9.wav,Flute
de9a384f.wav,Hi-hat
deb2681b.wav,Cello
deb87700.wav,Double_bass
dec1d656.wav,Flute
dec805ea.wav,Hi-hat
dee0d5ac.wav,Violin_or_fiddle
df0573f3.wav,Clarinet
df61608d.wav,Hi-hat
df630658.wav,Snare_drum
dfb8afae.wav,Flute
dfbeefb5.wav,Saxophone
dfc4a855.wav,Clarinet
e072c537.wav,Bass_drum
e087f227.wav,Flute
e09acb52.wav,Violin_or_fiddle
e09cc30b.wav,Clarinet
e0c92985.wav,Double_bass
e0ecd1a6.wav,Double_bass
e109a206.wav,Acoustic_guitar
e12a53d6.wav,Clarinet
e1b646bb.wav,Flute
e20a6908.wav,Acoustic_guitar
e262d05e.wav,Clarinet
e2b0c7d4.wav,Cello
e2b6a59f.wav,Flute
e2c0318f.wav,Clarinet
e2c205ac.wav,Cello
e2cf6d59.wav,Saxophone
e2d993ec.wav,Cello
e2eaa1f9.wav,Hi-hat
e2fa3ed3.wav,Clarinet
e3086961.wav,Violin_or_fiddle
e3496042.wav,Hi-hat
e35c9a8a.wav,Saxophone
e3a31aa0.wav,Double_bass
e3bf4182.wav,Double_bass
e3f479f3.wav,Violin_or_fiddle
e43f7db2.wav,Clarinet
e493b9b6.wav,Flute
e4958adc.wav,Snare_drum
e4ece500.wav,Acoustic_guitar
e5083445.wav,Flute
e5091777.wav,Flute
e51e1770.wav,Clarinet
e55c5160.wav,Cello
e5639c51.wav,Clarinet
e59668cc.wav,Violin_or_fiddle
e596d889.wav,Acoustic_guitar
e5c11a2e.wav,Clarinet
e5e0718b.wav,Double_bass
e6237f2d.wav,Violin_or_fiddle
e62d770e.wav,Cello
e6597186.wav,Double_bass
e65d5fd1.wav,Clarinet
e6718362.wav,Violin_or_fiddle
e67a63c6.wav,Hi-hat
e6a72f99.wav,Violin_or_fiddle
e6b9cdfc.wav,Snare_drum
e6f59785.wav,Double_bass
e700e426.wav,Violin_or_fiddle
e70c41d4.wav,Cello
e70e5619.wav,Double_bass
e71cde85.wav,Clarinet
e743f730.wav,Acoustic_guitar
e748539a.wav,Double_bass
e75c2db8.wav,Flute
e7a086ca.wav,Hi-hat
e7adefd3.wav,Acoustic_guitar
e7bf4291.wav,Double_bass
e819e784.wav,Violin_or_fiddle
e8285da5.wav,Flute
e8358d8d.wav,Hi-hat
e8453e75.wav,Bass_drum
e8582c7b.wav,Flute
e888546b.wav,Acoustic_guitar
e897db78.wav,Hi-hat
e8b706e7.wav,Bass_drum
e8cce8e8.wav,Snare_drum
e8d6b248.wav,Double_bass
e8e00924.wav,Snare_drum
e8ee43a1.wav,Saxophone
e8f862ba.wav,Acoustic_guitar
e8fa13d1.wav,Double_bass
e8fd7f2f.wav,Violin_or_fiddle
e92079c2.wav,Clarinet
e920cbbb.wav,Clarinet
e921cd20.wav,Hi-hat
e92bf0fa.wav,Acoustic_guitar
e9313222.wav,Snare_drum
e94c6d67.wav,Cello
e9566ccd.wav,Double_bass
e96f3298.wav,Flute
e9717322.wav,Double_bass
e97d9707.wav,Cello
e9cb8fb6.wav,Acoustic_guitar
e9da730a.wav,Violin_or_fiddle
e9e046cd.wav,Acoustic_guitar
e9f8566f.wav,Flute
ea168c74.wav,Saxophone
ea31f6ba.wav,Bass_drum
ea4bb0ac.wav,Clarinet
ea806dcf.wav,Clarinet
ea964ecc.wav,Double_bass
eace95fa.wav,Cello
ead10539.wav,Flute
eaec18a5.wav,Clarinet
eb0fae01.wav,Flute
eb18f542.wav,Acoustic_guitar
eb27071b.wav,Cello
eb413f20.wav,Cello
eb4e83d3.wav,Saxophone
eb4eb9c7.wav,Cello
eb520ad3.wav,Cello
eb521401.wav,Clarinet
eb9f3b2d.wav,Snare_drum
ebae8810.wav,Acoustic_guitar
ebdcf349.wav,Cello
ec2872e8.wav,Snare_drum
ec4c394c.wav,Violin_or_fiddle
ec61f6ef.wav,Flute
ec647286.wav,Saxophone
ec693023.wav,Clarinet
ec6afeb6.wav,Saxophone
ec6bec74.wav,Flute
ec74b3b7.wav,Cello
ec954b73.wav,Hi-hat
ecb12ae1.wav,Double_bass
ecb6ac6f.wav,Double_bass
ecc5cde3.wav,Cello
ed125cf8.wav,Acoustic_guitar
ed274378.wav,Violin_or_fiddle
ed3bb289.wav,Acoustic_guitar
ed5caa7c.wav,Saxophone
ed941e89.wav,Cello
edae9f54.wav,Flute
edd536a1.wav,Acoustic_guitar
edf3fa19.wav,Violin_or_fiddle
edfb16fa.wav,Snare_drum
ee1529d2.wav,Cello
ee16e702.wav,Saxophone
ee29b154.wav,Violin_or_fiddle
ee316ddb.wav,Hi-hat
ee46e326.wav,Snare_drum
ee7f82f8.wav,Bass_drum
ee8776ee.wav,Violin_or_fiddle
ee95e004.wav,Violin_or_fiddle
ee9b3800.wav,Snare_drum
eee11dd7.wav,Double_bass
ef04f00d.wav,Saxophone
ef15ef14.wav,Flute
ef5f80bb.wav,Acoustic_guitar
ef7ed762.wav,Acoustic_guitar
ef93493f.wav,Acoustic_guitar
efa14040.wav,Hi-hat
efc1953d.wav,Clarinet
efe648b4.wav,Flute
efed0c00.wav,Hi-hat
effd020c.wav,Clarinet
f01abfa9.wav,Saxophone
f01d4739.wav,Hi-hat
f0414445.wav,Saxophone
f042282c.wav,Double_bass
f0727eac.wav,Snare_drum
f074c2a8.wav,Cello
f0d315bc.wav,Saxophone
f0d644d1.wav,Clarinet
f0dfe343.wav,Hi-hat
f0f17a5c.wav,Double_bass
f0f48b44.wav,Cello
f1033230.wav,Bass_drum
f11109de.wav,Flute
f1403f83.wav,Clarinet
f1573152.wav,Snare_drum
f1754aea.wav,Snare_drum
f184970b.wav,Saxophone
f1a14bdb.wav,Saxophone
f1c07799.wav,Clarinet
f1dcd7d5.wav,Hi-hat
f1e4a107.wav,Cello
f1ff9d9f.wav,Acoustic_guitar
f21dd004.wav,Cello
f2310f0d.wav,Clarinet
f24ecfa8.wav,Snare_drum
f26131d8.wav,Bass_drum
f275265a.wav,Acoustic_guitar
f2762ba2.wav,Flute
f2ae390e.wav,Clarinet
f2b0e59d.wav,Acoustic_guitar
f2b78a6f.wav,Cello
f2c069ea.wav,Acoustic_guitar
f2c0cb1a.wav,Saxophone
f2cd6e50.wav,Acoustic_guitar
f30c9ba4.wav,Acoustic_guitar
f34e2853.wav,Flute
f37b69e6.wav,Saxophone
f39c4e54.wav,Double_bass
f3ad4270.wav,Saxophone
f3d16179.wav,Violin_or_fiddle
f3e77609.wav,Violin_or_fiddle
f3e9dea4.wav,Double_bass
f3fa8b78.wav,Bass_drum
f409e87c.wav,Clarinet
f40e1c0b.wav,Hi-hat
f40edcdd.wav,Acoustic_guitar
f42056cc.wav,Double_bass
f43f90a6.wav,Flute
f453d35f.wav,Saxophone
f4626032.wav,Bass_drum
f46e0e2e.wav,Double_bass
f4759653.wav,Acoustic_guitar
f47ebf8b.wav,Flute
f4b33ae6.wav,Double_bass
f4c630ea.wav,Flute
f50c93f9.wav,Violin_or_fiddle
f5172e7e.wav,Violin_or_fiddle
f52e7d48.wav,Saxophone
f567398e.wav,Clarinet
f56c277f.wav,Violin_or_fiddle
f5729f4f.wav,Snare_drum
f57b608c.wav,Violin_or_fiddle
f5d44b62.wav,Bass_drum
f5e20dce.wav,Flute
f5f24581.wav,Double_bass
f6037c59.wav,Saxophone
f624e165.wav,Cello
f63d9273.wav,Saxophone
f63f3703.wav,Double_bass
f6405e98.wav,Acoustic_guitar
f65291ce.wav,Bass_drum
f6a3a18f.wav,Snare_drum
f6a82a6c.wav,Hi-hat
f6c24a56.wav,Clarinet
f71056a8.wav,Acoustic_guitar
f739aa9a.wav,Snare_drum
f755b7c8.wav,Flute
f774e0c1.wav,Bass_drum
f798876b.wav,Bass_drum
f7fa885e.wav,Bass_drum
f82caa0e.wav,Clarinet
f834f946.wav,Cello
f86e5fb3.wav,Hi-hat
f8799d8d.wav,Double_bass
f87e8fb1.wav,Saxophone
f8a99b37.wav,Bass_drum
f8d96888.wav,Saxophone
f8db434b.wav,Cello
f8f2585d.wav,Acoustic_guitar
f93011d2.wav,Bass_drum
f964eaba.wav,Double_bass
f9653de8.wav,Cello
f97695a4.wav,Double_bass
f97dbc8e.wav,Flute
f991a90c.wav,Saxophone
f9a85ce0.wav,Flute
f9c912b9.wav,Snare_drum
f9c99cbd.wav,Cello
fa101519.wav,Violin_or_fiddle
fa2155fc.wav,Double_bass
fa32109e.wav,Flute
fa481b8b.wav,Cello
fa4d4a92.wav,Acoustic_guitar
fa653b7a.wav,Saxophone
fa68671d.wav,Hi-hat
fa71933a.wav,Double_bass
fa722117.wav,Saxophone
fa901492.wav,Double_bass
fac473ef.wav,Acoustic_guitar
faede4eb.wav,Violin_or_fiddle
faee8791.wav,Double_bass
faee94af.wav,Flute
fb108a65.wav,Flute
fb64d9d4.wav,Double_bass
fb7b1a38.wav,Double_bass
fb7c5e36.wav,Acoustic_guitar
fb7ed0a8.wav,Violin_or_fiddle
fb9bd1f5.wav,Flute
fba51845.wav,Violin_or_fiddle
fbb6233a.wav,Bass_drum
fc139bca.wav,Snare_drum
fc55d588.wav,Acoustic_guitar
fc9db86a.wav,Cello
fca6de7c.wav,Acoustic_guitar
fcb2757b.wav,Flute
fcbc3889.wav,Snare_drum
fcbf1b7d.wav,Violin_or_fiddle
fcc56f50.wav,Snare_drum
fcd11bc8.wav,Violin_or_fiddle
fceb6212.wav,Acoustic_guitar
fcfafbc8.wav,Double_bass
fd1638dd.wav,Flute
fd16747a.wav,Saxophone
fd688f3d.wav,Violin_or_fiddle
fd833f09.wav,Double_bass
fdab5c38.wav,Flute
fdc342a3.wav,Flute
fdd5ec1f.wav,Hi-hat
fddb09fd.wav,Acoustic_guitar
fddf576c.wav,Hi-hat
fe0cb23e.wav,Clarinet
fe136f34.wav,Saxophone
fe4d3c34.wav,Cello
fe76c972.wav,Flute
fe88dcb9.wav,Hi-hat
fea8ae24.wav,Double_bass
feb981f4.wav,Double_bass
fec00143.wav,Violin_or_fiddle
fecb559e.wav,Cello
fed181cb.wav,Hi-hat
fef60012.wav,Double_bass
ff038671.wav,Saxophone
ff0c153b.wav,Saxophone
ff0d3545.wav,Snare_drum
ff11628d.wav,Bass_drum
ff12dece.wav,Saxophone
ff1c8159.wav,Flute
ff3f21e7.wav,Snare_drum
ff55a1e2.wav,Acoustic_guitar
ff752a0c.wav,Clarinet
ff875923.wav,Cello
ffc92b01.wav,Cello
